subject_id	subject_label	predicate_id	object_id	object_label	mapping_justification	mapping_provider	mapping_date	subject_source	object_source	subject_source_version	object_source_version	mapping_evidence
https://panelapp.genomicsengland.co.uk/panels/402/#snapshot-c9e5c00404af2c53a9b4dd74ee33d8a164585b7d07506f875e5ab5177c56d709-genes-300-gene-mention	KCNQ2	skos:exactMatch	HGNC:6296	KCNQ2	semapv:BackgroundKnowledgeBasedMatching	urn:atlas:software:atlas-discovery:0.1.0	2026-10-03	https://panelapp.genomicsengland.co.uk/api/v1/panels/402/?format=json	https://rest.genenames.org/fetch/symbol/KCNQ2	9.87	sha256:3a9bed7b94704285c40637cab95ddf5d4001149cc79c991cdc31d1fd0b30f634	urn:atlas:mapping:e8c821dea7583b7f64680745807d296461e842edf43e3aea7f3696868d422495
https://panelapp.genomicsengland.co.uk/panels/402/#snapshot-c9e5c00404af2c53a9b4dd74ee33d8a164585b7d07506f875e5ab5177c56d709-genes-498-gene-mention	SCN1A	skos:exactMatch	HGNC:10585	SCN1A	semapv:BackgroundKnowledgeBasedMatching	urn:atlas:software:atlas-discovery:0.1.0	2026-10-03	https://panelapp.genomicsengland.co.uk/api/v1/panels/402/?format=json	https://rest.genenames.org/fetch/symbol/SCN1A	9.87	sha256:4e294c73bf5223c00096688e82e803c256420ce63c0d1aa76ada059e424918c8	urn:atlas:mapping:1747c9869b492e2b1d4b18952ccb07ac224fda1d1497a90c86c933a93f1b576a
https://panelapp.genomicsengland.co.uk/panels/402/#snapshot-c9e5c00404af2c53a9b4dd74ee33d8a164585b7d07506f875e5ab5177c56d709-genes-500-gene-mention	SCN2A	skos:exactMatch	HGNC:10588	SCN2A	semapv:BackgroundKnowledgeBasedMatching	urn:atlas:software:atlas-discovery:0.1.0	2026-10-03	https://panelapp.genomicsengland.co.uk/api/v1/panels/402/?format=json	https://rest.genenames.org/fetch/symbol/SCN2A	9.87	sha256:5060acc8637a5dbd58b202c6fe150cddd002cbaf047f5c122d2e1b4dc170b043	urn:atlas:mapping:8013ab98ae7ad95808cfacf47df31870538193f04cc765392aee55d19f458ed0
https://panelapp.genomicsengland.co.uk/panels/402/#snapshot-c9e5c00404af2c53a9b4dd74ee33d8a164585b7d07506f875e5ab5177c56d709-genes-535-gene-mention	SNAP25	skos:exactMatch	HGNC:11132	SNAP25	semapv:BackgroundKnowledgeBasedMatching	urn:atlas:software:atlas-discovery:0.1.0	2026-10-03	https://panelapp.genomicsengland.co.uk/api/v1/panels/402/?format=json	https://rest.genenames.org/fetch/symbol/SNAP25	9.87	sha256:f09592c40b510478fbafdc4d2bbbae5d36dd96bc0d85039231e5f87bdb8f86fa	urn:atlas:mapping:dad2a20041e29cf7bcd6606f3013b4da8b9d401cf0c521cd9c4af059a2a362c9
https://panelapp.genomicsengland.co.uk/panels/402/#snapshot-c9e5c00404af2c53a9b4dd74ee33d8a164585b7d07506f875e5ab5177c56d709-genes-548-gene-mention	STX1B	skos:exactMatch	HGNC:18539	STX1B	semapv:BackgroundKnowledgeBasedMatching	urn:atlas:software:atlas-discovery:0.1.0	2026-10-03	https://panelapp.genomicsengland.co.uk/api/v1/panels/402/?format=json	https://rest.genenames.org/fetch/symbol/STX1B	9.87	sha256:59e19b53da644cb13a5e221e85b07810c26c5e0a07ae11c68d6d7970632759b0	urn:atlas:mapping:ecd06fafb7450d5237f1527fc64330a040ae0ec51ef3ff47a4bbbc57170dc782
https://panelapp.genomicsengland.co.uk/panels/402/#snapshot-c9e5c00404af2c53a9b4dd74ee33d8a164585b7d07506f875e5ab5177c56d709-genes-549-gene-mention	STXBP1	skos:exactMatch	HGNC:11444	STXBP1	semapv:BackgroundKnowledgeBasedMatching	urn:atlas:software:atlas-discovery:0.1.0	2026-10-03	https://panelapp.genomicsengland.co.uk/api/v1/panels/402/?format=json	https://rest.genenames.org/fetch/symbol/STXBP1	9.87	sha256:c46586662bc2d836fa55b9060f51b745aa184dfe72dd2055c5e920a54dd70756	urn:atlas:mapping:457f304bae52efbdc017ffcc6ed09f9e325587ed45cb5ca623f61657838e1be1
https://panelapp.genomicsengland.co.uk/panels/402/#snapshot-c9e5c00404af2c53a9b4dd74ee33d8a164585b7d07506f875e5ab5177c56d709-genes-554-gene-mention	SYNGAP1	skos:exactMatch	HGNC:11497	SYNGAP1	semapv:BackgroundKnowledgeBasedMatching	urn:atlas:software:atlas-discovery:0.1.0	2026-10-03	https://panelapp.genomicsengland.co.uk/api/v1/panels/402/?format=json	https://rest.genenames.org/fetch/symbol/SYNGAP1	9.87	sha256:4f7eaaa93df9f1d935dacaf8a764e516ac22b3d48f43268fea44c5eb39f689f4	urn:atlas:mapping:3f5d1810d4944482c78084cfe3ad9f9d4eb6a8e354b7006c64dc5e8d72fe21b3
https://panelapp.genomicsengland.co.uk/panels/402/#snapshot-c9e5c00404af2c53a9b4dd74ee33d8a164585b7d07506f875e5ab5177c56d709-genes-608-gene-mention	UNC13A	skos:exactMatch	HGNC:23150	UNC13A	semapv:BackgroundKnowledgeBasedMatching	urn:atlas:software:atlas-discovery:0.1.0	2026-10-03	https://panelapp.genomicsengland.co.uk/api/v1/panels/402/?format=json	https://rest.genenames.org/fetch/symbol/UNC13A	9.87	sha256:da0ecec505384a1413c17ecbe98d38b0ee863a9654d908ca9c826fd05ecf08a5	urn:atlas:mapping:196db7d57ae408ba937a5dabff81af20cef294d6362d1ffce9c0e8be020bd802
https://panelapp.genomicsengland.co.uk/panels/402/#snapshot-c9e5c00404af2c53a9b4dd74ee33d8a164585b7d07506f875e5ab5177c56d709-genes-611-gene-mention	VAMP2	skos:exactMatch	HGNC:12643	VAMP2	semapv:BackgroundKnowledgeBasedMatching	urn:atlas:software:atlas-discovery:0.1.0	2026-10-03	https://panelapp.genomicsengland.co.uk/api/v1/panels/402/?format=json	https://rest.genenames.org/fetch/symbol/VAMP2	9.87	sha256:c976771f18d255cb8abec42caa36f14b8fab8479d9fefab017a2e1608a49ebbc	urn:atlas:mapping:1faa152e90682247fec8a32d9bc1722abe8397d1e56c969644aaa53ff06971b8
https://www.uniprot.org/uniprotkb/P35498#snapshot-78bdf51b261307527145cb5b8c2eba9a30c8057a0902f1538450c9282d5defca-gene-mention	SCN1A	skos:exactMatch	HGNC:10585	SCN1A	semapv:BackgroundKnowledgeBasedMatching	urn:atlas:software:atlas-discovery:0.1.0	2026-10-03	https://rest.uniprot.org/uniprotkb/search?query=%28organism_id%3A9606%29+AND+%28reviewed%3Atrue%29+AND+%28gene_exact%3ASTXBP1+OR+gene_exact%3ASTX1B+OR+gene_exact%3ASNAP25+OR+gene_exact%3ASYT1+OR+gene_exact%3AVAMP2+OR+gene_exact%3AUNC13A+OR+gene_exact%3ASCN1A+OR+gene_exact%3ASCN2A+OR+gene_exact%3AKCNQ2+OR+gene_exact%3ASYNGAP1%29&format=json&size=100	https://rest.genenames.org/fetch/symbol/SCN1A	2026_03	sha256:4e294c73bf5223c00096688e82e803c256420ce63c0d1aa76ada059e424918c8	urn:atlas:mapping:f6fe69b6b83058e7d480311ab4ad87eef9c9d6d323bef1acc069d7a4939e1078
https://www.uniprot.org/uniprotkb/P63027#snapshot-78bdf51b261307527145cb5b8c2eba9a30c8057a0902f1538450c9282d5defca-gene-mention	VAMP2	skos:exactMatch	HGNC:12643	VAMP2	semapv:BackgroundKnowledgeBasedMatching	urn:atlas:software:atlas-discovery:0.1.0	2026-10-03	https://rest.uniprot.org/uniprotkb/search?query=%28organism_id%3A9606%29+AND+%28reviewed%3Atrue%29+AND+%28gene_exact%3ASTXBP1+OR+gene_exact%3ASTX1B+OR+gene_exact%3ASNAP25+OR+gene_exact%3ASYT1+OR+gene_exact%3AVAMP2+OR+gene_exact%3AUNC13A+OR+gene_exact%3ASCN1A+OR+gene_exact%3ASCN2A+OR+gene_exact%3AKCNQ2+OR+gene_exact%3ASYNGAP1%29&format=json&size=100	https://rest.genenames.org/fetch/symbol/VAMP2	2026_03	sha256:c976771f18d255cb8abec42caa36f14b8fab8479d9fefab017a2e1608a49ebbc	urn:atlas:mapping:4cb83b2fee6f7bd27f4a31252d0005668857adf90c9b444eb9748e003a4874eb
https://www.uniprot.org/uniprotkb/Q99250#snapshot-78bdf51b261307527145cb5b8c2eba9a30c8057a0902f1538450c9282d5defca-gene-mention	SCN2A	skos:exactMatch	HGNC:10588	SCN2A	semapv:BackgroundKnowledgeBasedMatching	urn:atlas:software:atlas-discovery:0.1.0	2026-10-03	https://rest.uniprot.org/uniprotkb/search?query=%28organism_id%3A9606%29+AND+%28reviewed%3Atrue%29+AND+%28gene_exact%3ASTXBP1+OR+gene_exact%3ASTX1B+OR+gene_exact%3ASNAP25+OR+gene_exact%3ASYT1+OR+gene_exact%3AVAMP2+OR+gene_exact%3AUNC13A+OR+gene_exact%3ASCN1A+OR+gene_exact%3ASCN2A+OR+gene_exact%3AKCNQ2+OR+gene_exact%3ASYNGAP1%29&format=json&size=100	https://rest.genenames.org/fetch/symbol/SCN2A	2026_03	sha256:5060acc8637a5dbd58b202c6fe150cddd002cbaf047f5c122d2e1b4dc170b043	urn:atlas:mapping:e77693d151bf5e28e11e96060a96dc550fb5306bbe5aa236f49023fe02073575
https://www.uniprot.org/uniprotkb/P61266#snapshot-78bdf51b261307527145cb5b8c2eba9a30c8057a0902f1538450c9282d5defca-gene-mention	STX1B	skos:exactMatch	HGNC:18539	STX1B	semapv:BackgroundKnowledgeBasedMatching	urn:atlas:software:atlas-discovery:0.1.0	2026-10-03	https://rest.uniprot.org/uniprotkb/search?query=%28organism_id%3A9606%29+AND+%28reviewed%3Atrue%29+AND+%28gene_exact%3ASTXBP1+OR+gene_exact%3ASTX1B+OR+gene_exact%3ASNAP25+OR+gene_exact%3ASYT1+OR+gene_exact%3AVAMP2+OR+gene_exact%3AUNC13A+OR+gene_exact%3ASCN1A+OR+gene_exact%3ASCN2A+OR+gene_exact%3AKCNQ2+OR+gene_exact%3ASYNGAP1%29&format=json&size=100	https://rest.genenames.org/fetch/symbol/STX1B	2026_03	sha256:59e19b53da644cb13a5e221e85b07810c26c5e0a07ae11c68d6d7970632759b0	urn:atlas:mapping:502a2ed0fcb1e271355594bdf19588c29d1a73f54adad12c8df4609de7028727
https://www.uniprot.org/uniprotkb/P21579#snapshot-78bdf51b261307527145cb5b8c2eba9a30c8057a0902f1538450c9282d5defca-gene-mention	SYT1	skos:exactMatch	HGNC:11509	SYT1	semapv:BackgroundKnowledgeBasedMatching	urn:atlas:software:atlas-discovery:0.1.0	2026-10-03	https://rest.uniprot.org/uniprotkb/search?query=%28organism_id%3A9606%29+AND+%28reviewed%3Atrue%29+AND+%28gene_exact%3ASTXBP1+OR+gene_exact%3ASTX1B+OR+gene_exact%3ASNAP25+OR+gene_exact%3ASYT1+OR+gene_exact%3AVAMP2+OR+gene_exact%3AUNC13A+OR+gene_exact%3ASCN1A+OR+gene_exact%3ASCN2A+OR+gene_exact%3AKCNQ2+OR+gene_exact%3ASYNGAP1%29&format=json&size=100	https://rest.genenames.org/fetch/symbol/SYT1	2026_03	sha256:1839de589e4b6360d54c86d2524884dec8cc0d28ff619b4166d18ee923ebb71d	urn:atlas:mapping:2653782128fa4c3d475904be336c32eccdbca11e53263753e0c75cad232385b3
https://www.uniprot.org/uniprotkb/Q9UPW8#snapshot-78bdf51b261307527145cb5b8c2eba9a30c8057a0902f1538450c9282d5defca-gene-mention	UNC13A	skos:exactMatch	HGNC:23150	UNC13A	semapv:BackgroundKnowledgeBasedMatching	urn:atlas:software:atlas-discovery:0.1.0	2026-10-03	https://rest.uniprot.org/uniprotkb/search?query=%28organism_id%3A9606%29+AND+%28reviewed%3Atrue%29+AND+%28gene_exact%3ASTXBP1+OR+gene_exact%3ASTX1B+OR+gene_exact%3ASNAP25+OR+gene_exact%3ASYT1+OR+gene_exact%3AVAMP2+OR+gene_exact%3AUNC13A+OR+gene_exact%3ASCN1A+OR+gene_exact%3ASCN2A+OR+gene_exact%3AKCNQ2+OR+gene_exact%3ASYNGAP1%29&format=json&size=100	https://rest.genenames.org/fetch/symbol/UNC13A	2026_03	sha256:da0ecec505384a1413c17ecbe98d38b0ee863a9654d908ca9c826fd05ecf08a5	urn:atlas:mapping:b9407ba020e6a086256136f7ada32880a62cbbb6024afa0b4408800d4f627067
https://www.uniprot.org/uniprotkb/P60880#snapshot-78bdf51b261307527145cb5b8c2eba9a30c8057a0902f1538450c9282d5defca-gene-mention	SNAP25	skos:exactMatch	HGNC:11132	SNAP25	semapv:BackgroundKnowledgeBasedMatching	urn:atlas:software:atlas-discovery:0.1.0	2026-10-03	https://rest.uniprot.org/uniprotkb/search?query=%28organism_id%3A9606%29+AND+%28reviewed%3Atrue%29+AND+%28gene_exact%3ASTXBP1+OR+gene_exact%3ASTX1B+OR+gene_exact%3ASNAP25+OR+gene_exact%3ASYT1+OR+gene_exact%3AVAMP2+OR+gene_exact%3AUNC13A+OR+gene_exact%3ASCN1A+OR+gene_exact%3ASCN2A+OR+gene_exact%3AKCNQ2+OR+gene_exact%3ASYNGAP1%29&format=json&size=100	https://rest.genenames.org/fetch/symbol/SNAP25	2026_03	sha256:f09592c40b510478fbafdc4d2bbbae5d36dd96bc0d85039231e5f87bdb8f86fa	urn:atlas:mapping:bf72b2b245e4bcf62ce9d694aef5ea9478c3280b020fe110fb14c147ad8b7947
https://www.uniprot.org/uniprotkb/P61764#snapshot-78bdf51b261307527145cb5b8c2eba9a30c8057a0902f1538450c9282d5defca-gene-mention	STXBP1	skos:exactMatch	HGNC:11444	STXBP1	semapv:BackgroundKnowledgeBasedMatching	urn:atlas:software:atlas-discovery:0.1.0	2026-10-03	https://rest.uniprot.org/uniprotkb/search?query=%28organism_id%3A9606%29+AND+%28reviewed%3Atrue%29+AND+%28gene_exact%3ASTXBP1+OR+gene_exact%3ASTX1B+OR+gene_exact%3ASNAP25+OR+gene_exact%3ASYT1+OR+gene_exact%3AVAMP2+OR+gene_exact%3AUNC13A+OR+gene_exact%3ASCN1A+OR+gene_exact%3ASCN2A+OR+gene_exact%3AKCNQ2+OR+gene_exact%3ASYNGAP1%29&format=json&size=100	https://rest.genenames.org/fetch/symbol/STXBP1	2026_03	sha256:c46586662bc2d836fa55b9060f51b745aa184dfe72dd2055c5e920a54dd70756	urn:atlas:mapping:c927cd7d842a61e5a882c1194e7230fbd3636331d23df46e9c7ee9aef0c6e8b1
https://www.uniprot.org/uniprotkb/Q96PV0#snapshot-78bdf51b261307527145cb5b8c2eba9a30c8057a0902f1538450c9282d5defca-gene-mention	SYNGAP1	skos:exactMatch	HGNC:11497	SYNGAP1	semapv:BackgroundKnowledgeBasedMatching	urn:atlas:software:atlas-discovery:0.1.0	2026-10-03	https://rest.uniprot.org/uniprotkb/search?query=%28organism_id%3A9606%29+AND+%28reviewed%3Atrue%29+AND+%28gene_exact%3ASTXBP1+OR+gene_exact%3ASTX1B+OR+gene_exact%3ASNAP25+OR+gene_exact%3ASYT1+OR+gene_exact%3AVAMP2+OR+gene_exact%3AUNC13A+OR+gene_exact%3ASCN1A+OR+gene_exact%3ASCN2A+OR+gene_exact%3AKCNQ2+OR+gene_exact%3ASYNGAP1%29&format=json&size=100	https://rest.genenames.org/fetch/symbol/SYNGAP1	2026_03	sha256:4f7eaaa93df9f1d935dacaf8a764e516ac22b3d48f43268fea44c5eb39f689f4	urn:atlas:mapping:e4615a781b1c3c6b2aba01a441f55c28b6a76fb398d1b221fae48ec294bf69f4
https://www.uniprot.org/uniprotkb/O43526#snapshot-78bdf51b261307527145cb5b8c2eba9a30c8057a0902f1538450c9282d5defca-gene-mention	KCNQ2	skos:exactMatch	HGNC:6296	KCNQ2	semapv:BackgroundKnowledgeBasedMatching	urn:atlas:software:atlas-discovery:0.1.0	2026-10-03	https://rest.uniprot.org/uniprotkb/search?query=%28organism_id%3A9606%29+AND+%28reviewed%3Atrue%29+AND+%28gene_exact%3ASTXBP1+OR+gene_exact%3ASTX1B+OR+gene_exact%3ASNAP25+OR+gene_exact%3ASYT1+OR+gene_exact%3AVAMP2+OR+gene_exact%3AUNC13A+OR+gene_exact%3ASCN1A+OR+gene_exact%3ASCN2A+OR+gene_exact%3AKCNQ2+OR+gene_exact%3ASYNGAP1%29&format=json&size=100	https://rest.genenames.org/fetch/symbol/KCNQ2	2026_03	sha256:3a9bed7b94704285c40637cab95ddf5d4001149cc79c991cdc31d1fd0b30f634	urn:atlas:mapping:a047886134c1897943de7bff54855dfd84e3b1f57c9a5df3d8ffdc82393f924d
